[
  {
    "package_name": "flask",
    "installed_version": "1.1.2",
    "recommended_fixed_version": "2.3.2, 2.2.5",
    "all_seen_fixed_versions": [
      "2.3.2, 2.2.5"
    ],
    "upgrade_needed": true
  },
  {
    "package_name": "jinja2",
    "installed_version": "2.10.1",
    "recommended_fixed_version": "3.1.6",
    "all_seen_fixed_versions": [
      "2.11.3",
      "3.1.3",
      "3.1.4",
      "3.1.5",
      "3.1.6"
    ],
    "upgrade_needed": true
  },
  {
    "package_name": "lxml",
    "installed_version": "4.6.2",
    "recommended_fixed_version": "4.9.1",
    "all_seen_fixed_versions": [
      "4.6.3",
      "4.6.5",
      "4.9.1"
    ],
    "upgrade_needed": true
  },
  {
    "package_name": "pillow",
    "installed_version": "8.1.0",
    "recommended_fixed_version": "10.3.0",
    "all_seen_fixed_versions": [
      "8.1.1",
      "8.1.2",
      "8.2.0",
      "8.3.0",
      "8.3.2",
      "9.0.0",
      "9.0.1",
      "9.2.0",
      "10.0.0",
      "10.0.1",
      "10.2.0",
      "10.3.0"
    ],
    "upgrade_needed": true
  },
  {
    "package_name": "pyyaml",
    "installed_version": "5.3",
    "recommended_fixed_version": "5.4",
    "all_seen_fixed_versions": [
      "5.3.1",
      "5.4"
    ],
    "upgrade_needed": true
  },
  {
    "package_name": "requests",
    "installed_version": "2.22.0",
    "recommended_fixed_version": "2.32.4",
    "all_seen_fixed_versions": [
      "2.31.0",
      "2.32.0",
      "2.32.4"
    ],
    "upgrade_needed": true
  },
  {
    "package_name": "urllib3",
    "installed_version": "1.24.1",
    "recommended_fixed_version": "2.5.0",
    "all_seen_fixed_versions": [
      "1.24.2",
      "1.24.3",
      "1.25.9",
      "1.26.19, 2.2.2",
      "2.0.6, 1.26.17",
      "2.0.7, 1.26.18",
      "2.5.0"
    ],
    "upgrade_needed": true
  }
]