[
  {
    "package_name": "cryptography",
    "installed_version": "3.4.7",
    "recommended_fixed_version": "42.0.2",
    "all_seen_fixed_versions": [
      "39.0.1",
      "41.0.0",
      "41.0.3",
      "41.0.4",
      "41.0.6",
      "42.0.0",
      "42.0.2"
    ],
    "upgrade_needed": true
  },
  {
    "package_name": "flask",
    "installed_version": "2.0.1",
    "recommended_fixed_version": "2.3.2, 2.2.5",
    "all_seen_fixed_versions": [
      "2.3.2, 2.2.5"
    ],
    "upgrade_needed": true
  },
  {
    "package_name": "pyjwt",
    "installed_version": "2.1.0",
    "recommended_fixed_version": "2.4.0",
    "all_seen_fixed_versions": [
      "2.4.0"
    ],
    "upgrade_needed": true
  },
  {
    "package_name": "werkzeug",
    "installed_version": "2.0.1",
    "recommended_fixed_version": "3.0.6",
    "all_seen_fixed_versions": [
      "2.2.3",
      "3.0.1, 2.3.8",
      "3.0.3",
      "3.0.6"
    ],
    "upgrade_needed": true
  }
]