{
  "scan_timestamp": "2025-09-10T13:26:11.257008",
  "scan_duration": 3.300940990447998,
  "tools": {
    "sbom_generator": "Syft",
    "vulnerability_scanner": "Trivy"
  },
  "summary": {
    "total_components": 8,
    "vulnerable_components": 4,
    "total_vulnerabilities": 16,
    "severity_breakdown": {
      "CRITICAL": 0,
      "HIGH": 6,
      "MEDIUM": 6,
      "LOW": 4,
      "UNKNOWN": 0
    }
  },
  "components": [
    {
      "name": "cryptography",
      "version": "3.4.7",
      "type": "library",
      "language": "pypi",
      "purl": "pkg:pypi/cryptography@3.4.7",
      "cpe": "cpe:2.3:a:cryptography.io:cryptography:3.4.7:*:*:*:*:*:*:*",
      "locations": []
    },
    {
      "name": "flask",
      "version": "2.0.1",
      "type": "library",
      "language": "pypi",
      "purl": "pkg:pypi/flask@2.0.1",
      "cpe": "cpe:2.3:a:flask:flask:2.0.1:*:*:*:*:*:*:*",
      "locations": []
    },
    {
      "name": "flask-sqlalchemy",
      "version": "2.5.1",
      "type": "library",
      "language": "pypi",
      "purl": "pkg:pypi/flask-sqlalchemy@2.5.1",
      "cpe": "cpe:2.3:a:flask:flask_sqlalchemy:2.5.1:*:*:*:*:*:*:*",
      "locations": []
    },
    {
      "name": "pyjwt",
      "version": "2.1.0",
      "type": "library",
      "language": "pypi",
      "purl": "pkg:pypi/pyjwt@2.1.0",
      "cpe": "cpe:2.3:a:pyjwt:pyjwt:2.1.0:*:*:*:*:*:*:*",
      "locations": []
    },
    {
      "name": "python-dotenv",
      "version": "0.19.0",
      "type": "library",
      "language": "pypi",
      "purl": "pkg:pypi/python-dotenv@0.19.0",
      "cpe": "cpe:2.3:a:python:python_dotenv:0.19.0:*:*:*:*:*:*:*",
      "locations": []
    },
    {
      "name": "stripe",
      "version": "2.58.0",
      "type": "library",
      "language": "pypi",
      "purl": "pkg:pypi/stripe@2.58.0",
      "cpe": "cpe:2.3:a:stripe:stripe:2.58.0:*:*:*:*:*:*:*",
      "locations": []
    },
    {
      "name": "werkzeug",
      "version": "2.0.1",
      "type": "library",
      "language": "pypi",
      "purl": "pkg:pypi/werkzeug@2.0.1",
      "cpe": "cpe:2.3:a:python:werkzeug:2.0.1:*:*:*:*:*:*:*",
      "locations": []
    },
    {
      "name": "/var/folders/gr/zlq03smx65v7csnf5n276nx00000gn/T/vulnreach_clone_zoxdb65i",
      "version": "",
      "type": "library",
      "language": null,
      "purl": null,
      "cpe": null,
      "locations": []
    }
  ],
  "vulnerabilities": [
    {
      "id": "CVE-2023-0286",
      "package_name": "cryptography",
      "package_version": "3.4.7",
      "severity": "HIGH",
      "title": "openssl: X.400 address type confusion in X.509 GeneralName",
      "description": "There is a type confusion vulnerability relating to X.400 address processing\ninside an X.509 GeneralName. X.400 addresses were parsed as an ASN1_STRING but\nthe public structure definition for GENERAL_NAME incorrectly specified the type\nof the x400Address field as ASN1_TYPE. This field is subsequently interpreted by\nthe OpenSSL function GENERAL_NAME_cmp as an ASN1_TYPE rather than an\nASN1_STRING.\n\nWhen CRL checking is enabled (i.e. the application sets the\nX509_V_FLAG_CRL_CHECK flag), this vulnerability may allow an attacker to pass\narbitrary pointers to a memcmp call, enabling them to read memory contents or\nenact a denial of service. In most cases, the attack requires the attacker to\nprovide both the certificate chain and CRL, neither of which need to have a\nvalid signature. If the attacker only controls one of these inputs, the other\ninput must already contain an X.400 address as a CRL distribution point, which\nis uncommon. As such, this vulnerability is most likely to only affect\napplications which have implemented their own functionality for retrieving CRLs\nover a network.",
      "fixed_version": "39.0.1",
      "cvss_score": 7.4,
      "cvss_vector": "CVSS:3.1/AV:N/AC:H/PR:N/UI:N/S:U/C:H/I:N/A:H",
      "cwe_ids": [
        "CWE-843"
      ],
      "references": [
        "https://access.redhat.com/errata/RHSA-2025:7937",
        "https://access.redhat.com/security/cve/CVE-2023-0286",
        "https://access.redhat.com/security/cve/cve-2023-0286",
        "https://bugzilla.redhat.com/2164440",
        "https://bugzilla.redhat.com/show_bug.cgi?id=2144000",
        "https://bugzilla.redhat.com/show_bug.cgi?id=2144003",
        "https://bugzilla.redhat.com/show_bug.cgi?id=2144006",
        "https://bugzilla.redhat.com/show_bug.cgi?id=2144008",
        "https://bugzilla.redhat.com/show_bug.cgi?id=2144010",
        "https://bugzilla.redhat.com/show_bug.cgi?id=2144012",
        "https://bugzilla.redhat.com/show_bug.cgi?id=2144015",
        "https://bugzilla.redhat.com/show_bug.cgi?id=2144017",
        "https://bugzilla.redhat.com/show_bug.cgi?id=2144019",
        "https://bugzilla.redhat.com/show_bug.cgi?id=2145170",
        "https://bugzilla.redhat.com/show_bug.cgi?id=2158412",
        "https://bugzilla.redhat.com/show_bug.cgi?id=2164440",
        "https://bugzilla.redhat.com/show_bug.cgi?id=2164487",
        "https://bugzilla.redhat.com/show_bug.cgi?id=2164488",
        "https://bugzilla.redhat.com/show_bug.cgi?id=2164492",
        "https://bugzilla.redhat.com/show_bug.cgi?id=2164494",
        "https://bugzilla.redhat.com/show_bug.cgi?id=2164497",
        "https://bugzilla.redhat.com/show_bug.cgi?id=2164499",
        "https://bugzilla.redhat.com/show_bug.cgi?id=2164500",
        "https://cve.mitre.org/cgi-bin/cvename.cgi?name=CVE-2022-4203",
        "https://cve.mitre.org/cgi-bin/cvename.cgi?name=CVE-2022-4304",
        "https://cve.mitre.org/cgi-bin/cvename.cgi?name=CVE-2022-4450",
        "https://cve.mitre.org/cgi-bin/cvename.cgi?name=CVE-2023-0215",
        "https://cve.mitre.org/cgi-bin/cvename.cgi?name=CVE-2023-0216",
        "https://cve.mitre.org/cgi-bin/cvename.cgi?name=CVE-2023-0217",
        "https://cve.mitre.org/cgi-bin/cvename.cgi?name=CVE-2023-0286",
        "https://cve.mitre.org/cgi-bin/cvename.cgi?name=CVE-2023-0401",
        "https://errata.almalinux.org/9/ALSA-2025-7937.html",
        "https://errata.rockylinux.org/RLSA-2023:0946",
        "https://ftp.openbsd.org/pub/OpenBSD/LibreSSL/libressl-3.6.2-relnotes.txt",
        "https://ftp.openbsd.org/pub/OpenBSD/patches/7.2/common/018_x509.patch.sig",
        "https://git.openssl.org/gitweb/?p=openssl.git;a=commitdiff;h=2c6c9d439b484e1ba9830d8454a34fa4f80fdfe9",
        "https://git.openssl.org/gitweb/?p=openssl.git;a=commitdiff;h=2f7530077e0ef79d98718138716bc51ca0cad658",
        "https://git.openssl.org/gitweb/?p=openssl.git;a=commitdiff;h=fd2af07dc083a350c959147097003a14a5e8ac4d",
        "https://github.com/pyca/cryptography",
        "https://github.com/pyca/cryptography/security/advisories/GHSA-x4qr-2fvf-3mr5",
        "https://linux.oracle.com/cve/CVE-2023-0286.html",
        "https://linux.oracle.com/errata/ELSA-2025-7937.html",
        "https://nvd.nist.gov/vuln/detail/CVE-2023-0286",
        "https://rustsec.org/advisories/RUSTSEC-2023-0006.html",
        "https://security.gentoo.org/glsa/202402-08",
        "https://ubuntu.com/security/notices/USN-5844-1",
        "https://ubuntu.com/security/notices/USN-5845-1",
        "https://ubuntu.com/security/notices/USN-5845-2",
        "https://ubuntu.com/security/notices/USN-6564-1",
        "https://www.cve.org/CVERecord?id=CVE-2023-0286",
        "https://www.openssl.org/news/secadv/20230207.txt"
      ],
      "primary_url": "https://avd.aquasec.com/nvd/cve-2023-0286"
    },
    {
      "id": "CVE-2023-50782",
      "package_name": "cryptography",
      "package_version": "3.4.7",
      "severity": "HIGH",
      "title": "python-cryptography: Bleichenbacher timing oracle attack against RSA decryption - incomplete fix for CVE-2020-25659",
      "description": "A flaw was found in the python-cryptography package. This issue may allow a remote attacker to decrypt captured messages in TLS servers that use RSA key exchanges, which may lead to exposure of confidential or sensitive data.",
      "fixed_version": "42.0.0",
      "cvss_score": 7.5,
      "cvss_vector": "CVSS:3.1/AV:N/AC:L/PR:N/UI:N/S:U/C:H/I:N/A:N",
      "cwe_ids": [
        "CWE-208",
        "CWE-203"
      ],
      "references": [
        "https://access.redhat.com/security/cve/CVE-2023-50782",
        "https://bugzilla.redhat.com/show_bug.cgi?id=2254432",
        "https://github.com/openssl/openssl/pull/13817",
        "https://github.com/pyca/cryptography",
        "https://github.com/pyca/cryptography/issues/9785",
        "https://nvd.nist.gov/vuln/detail/CVE-2023-50782",
        "https://people.redhat.com/~hkario/marvin/",
        "https://ubuntu.com/security/notices/USN-6663-1",
        "https://ubuntu.com/security/notices/USN-6673-1",
        "https://ubuntu.com/security/notices/USN-6673-2",
        "https://www.couchbase.com/alerts/",
        "https://www.cve.org/CVERecord?id=CVE-2023-50782"
      ],
      "primary_url": "https://avd.aquasec.com/nvd/cve-2023-50782"
    },
    {
      "id": "CVE-2023-23931",
      "package_name": "cryptography",
      "package_version": "3.4.7",
      "severity": "MEDIUM",
      "title": "python-cryptography: memory corruption via immutable objects",
      "description": "cryptography is a package designed to expose cryptographic primitives and recipes to Python developers. In affected versions `Cipher.update_into` would accept Python objects which implement the buffer protocol, but provide only immutable buffers. This would allow immutable objects (such as `bytes`) to be mutated, thus violating fundamental rules of Python and resulting in corrupted output. This now correctly raises an exception. This issue has been present since `update_into` was originally introduced in cryptography 1.8.",
      "fixed_version": "39.0.1",
      "cvss_score": 6.5,
      "cvss_vector": "CVSS:3.1/AV:N/AC:L/PR:N/UI:N/S:U/C:N/I:L/A:L",
      "cwe_ids": [
        "CWE-754"
      ],
      "references": [
        "https://access.redhat.com/errata/RHSA-2023:6615",
        "https://access.redhat.com/security/cve/CVE-2023-23931",
        "https://bugzilla.redhat.com/2171817",
        "https://errata.almalinux.org/9/ALSA-2023-6615.html",
        "https://github.com/pyca/cryptography",
        "https://github.com/pyca/cryptography/commit/d6951dca25de45abd52da51b608055371fbcde4e",
        "https://github.com/pyca/cryptography/pull/8230",
        "https://github.com/pyca/cryptography/pull/8230/commits/94a50a9731f35405f0357fa5f3b177d46a726ab3",
        "https://github.com/pyca/cryptography/security/advisories/GHSA-w7pp-m8wf-vj6r",
        "https://github.com/pypa/advisory-database/tree/main/vulns/cryptography/PYSEC-2023-11.yaml",
        "https://linux.oracle.com/cve/CVE-2023-23931.html",
        "https://linux.oracle.com/errata/ELSA-2024-2985.html",
        "https://nvd.nist.gov/vuln/detail/CVE-2023-23931",
        "https://security.netapp.com/advisory/ntap-20230324-0007/",
        "https://ubuntu.com/security/notices/USN-6539-1",
        "https://www.cve.org/CVERecord?id=CVE-2023-23931"
      ],
      "primary_url": "https://avd.aquasec.com/nvd/cve-2023-23931"
    },
    {
      "id": "CVE-2023-49083",
      "package_name": "cryptography",
      "package_version": "3.4.7",
      "severity": "MEDIUM",
      "title": "python-cryptography: NULL-dereference when loading PKCS7 certificates",
      "description": "cryptography is a package designed to expose cryptographic primitives and recipes to Python developers. Calling `load_pem_pkcs7_certificates` or `load_der_pkcs7_certificates` could lead to a NULL-pointer dereference and segfault. Exploitation of this vulnerability poses a serious risk of Denial of Service (DoS) for any application attempting to deserialize a PKCS7 blob/certificate. The consequences extend to potential disruptions in system availability and stability. This vulnerability has been patched in version 41.0.6.",
      "fixed_version": "41.0.6",
      "cvss_score": 5.9,
      "cvss_vector": "CVSS:3.1/AV:N/AC:H/PR:N/UI:N/S:U/C:N/I:N/A:H",
      "cwe_ids": [
        "CWE-476"
      ],
      "references": [
        "http://www.openwall.com/lists/oss-security/2023/11/29/2",
        "https://access.redhat.com/errata/RHSA-2024:2337",
        "https://access.redhat.com/security/cve/CVE-2023-49083",
        "https://bugzilla.redhat.com/2255331",
        "https://bugzilla.redhat.com/show_bug.cgi?id=2255331",
        "https://cve.mitre.org/cgi-bin/cvename.cgi?name=CVE-2023-49083",
        "https://errata.almalinux.org/9/ALSA-2024-2337.html",
        "https://errata.rockylinux.org/RLSA-2024:2337",
        "https://github.com/pyca/cryptography",
        "https://github.com/pyca/cryptography/commit/f09c261ca10a31fe41b1262306db7f8f1da0e48a",
        "https://github.com/pyca/cryptography/pull/9926",
        "https://github.com/pyca/cryptography/security/advisories/GHSA-jfhm-5ghh-2f97",
        "https://github.com/pypa/advisory-database/tree/main/vulns/cryptography/PYSEC-2023-254.yaml",
        "https://linux.oracle.com/cve/CVE-2023-49083.html",
        "https://linux.oracle.com/errata/ELSA-2025-14553.html",
        "https://lists.fedoraproject.org/archives/list/package-announce@lists.fedoraproject.org/message/QMNTYMUGFJSDBYBU22FUYBHFRZODRKXV",
        "https://lists.fedoraproject.org/archives/list/package-announce@lists.fedoraproject.org/message/QMNTYMUGFJSDBYBU22FUYBHFRZODRKXV/",
        "https://nvd.nist.gov/vuln/detail/CVE-2023-49083",
        "https://ubuntu.com/security/notices/USN-6539-1",
        "https://www.cve.org/CVERecord?id=CVE-2023-49083"
      ],
      "primary_url": "https://avd.aquasec.com/nvd/cve-2023-49083"
    },
    {
      "id": "CVE-2024-0727",
      "package_name": "cryptography",
      "package_version": "3.4.7",
      "severity": "MEDIUM",
      "title": "openssl: denial of service via null dereference",
      "description": "Issue summary: Processing a maliciously formatted PKCS12 file may lead OpenSSL\nto crash leading to a potential Denial of Service attack\n\nImpact summary: Applications loading files in the PKCS12 format from untrusted\nsources might terminate abruptly.\n\nA file in PKCS12 format can contain certificates and keys and may come from an\nuntrusted source. The PKCS12 specification allows certain fields to be NULL, but\nOpenSSL does not correctly check for this case. This can lead to a NULL pointer\ndereference that results in OpenSSL crashing. If an application processes PKCS12\nfiles from an untrusted source using the OpenSSL APIs then that application will\nbe vulnerable to this issue.\n\nOpenSSL APIs that are vulnerable to this are: PKCS12_parse(),\nPKCS12_unpack_p7data(), PKCS12_unpack_p7encdata(), PKCS12_unpack_authsafes()\nand PKCS12_newpass().\n\nWe have also fixed a similar issue in SMIME_write_PKCS7(). However since this\nfunction is related to writing data we do not consider it security significant.\n\nThe FIPS modules in 3.2, 3.1 and 3.0 are not affected by this issue.",
      "fixed_version": "42.0.2",
      "cvss_score": 5.5,
      "cvss_vector": "CVSS:3.1/AV:L/AC:L/PR:N/UI:R/S:U/C:N/I:N/A:H",
      "cwe_ids": [
        "CWE-476"
      ],
      "references": [
        "http://www.openwall.com/lists/oss-security/2024/03/11/1",
        "https://access.redhat.com/errata/RHSA-2024:9088",
        "https://access.redhat.com/security/cve/CVE-2024-0727",
        "https://bugzilla.redhat.com/2257571",
        "https://bugzilla.redhat.com/2258502",
        "https://bugzilla.redhat.com/2259944",
        "https://bugzilla.redhat.com/2284243",
        "https://errata.almalinux.org/9/ALSA-2024-9088.html",
        "https://github.com/alexcrichton/openssl-src-rs/commit/add20f73b6b42be7451af2e1044d4e0e778992b2",
        "https://github.com/github/advisory-database/pull/3472",
        "https://github.com/openssl/openssl/commit/09df4395b5071217b76dc7d3d2e630eb8c5a79c2",
        "https://github.com/openssl/openssl/commit/775acfdbd0c6af9ac855f34969cdab0c0c90844a",
        "https://github.com/openssl/openssl/commit/d135eeab8a5dbf72b3da5240bab9ddb7678dbd2c",
        "https://github.com/openssl/openssl/pull/23362",
        "https://github.com/pyca/cryptography/commit/3519591d255d4506fbcd0d04037d45271903c64d",
        "https://github.openssl.org/openssl/extended-releases/commit/03b3941d60c4bce58fab69a0c22377ab439bc0e8",
        "https://github.openssl.org/openssl/extended-releases/commit/aebaa5883e31122b404e450732dc833dc9dee539",
        "https://linux.oracle.com/cve/CVE-2024-0727.html",
        "https://linux.oracle.com/errata/ELSA-2024-9088.html",
        "https://nvd.nist.gov/vuln/detail/CVE-2024-0727",
        "https://security.netapp.com/advisory/ntap-20240208-0006",
        "https://security.netapp.com/advisory/ntap-20240208-0006/",
        "https://ubuntu.com/security/notices/USN-6622-1",
        "https://ubuntu.com/security/notices/USN-6632-1",
        "https://ubuntu.com/security/notices/USN-6709-1",
        "https://ubuntu.com/security/notices/USN-7018-1",
        "https://www.cve.org/CVERecord?id=CVE-2024-0727",
        "https://www.openssl.org/news/secadv/20240125.txt"
      ],
      "primary_url": "https://avd.aquasec.com/nvd/cve-2024-0727"
    },
    {
      "id": "GHSA-5cpq-8wj7-hf2v",
      "package_name": "cryptography",
      "package_version": "3.4.7",
      "severity": "LOW",
      "title": "Vulnerable OpenSSL included in cryptography wheels",
      "description": "pyca/cryptography's wheels include a statically linked copy of OpenSSL. The versions of OpenSSL included in cryptography 0.5-40.0.2 are vulnerable to a security issue. More details about the vulnerability itself can be found in https://www.openssl.org/news/secadv/20230530.txt.\n\nIf you are building cryptography source (\"sdist\") then you are responsible for upgrading your copy of OpenSSL. Only users installing from wheels built by the cryptography project (i.e., those distributed on PyPI) need to update their cryptography versions.",
      "fixed_version": "41.0.0",
      "cvss_score": null,
      "cvss_vector": null,
      "cwe_ids": [],
      "references": [
        "https://cryptography.io/en/latest/changelog/#v41-0-0",
        "https://github.com/pyca/cryptography",
        "https://github.com/pyca/cryptography/commit/8708245ccdeaff21d65eea68a4f8d2a7c5949a22",
        "https://github.com/pyca/cryptography/security/advisories/GHSA-5cpq-8wj7-hf2v"
      ],
      "primary_url": "https://github.com/advisories/GHSA-5cpq-8wj7-hf2v"
    },
    {
      "id": "GHSA-jm77-qphf-c4w8",
      "package_name": "cryptography",
      "package_version": "3.4.7",
      "severity": "LOW",
      "title": "pyca/cryptography's wheels include vulnerable OpenSSL",
      "description": "pyca/cryptography's wheels include a statically linked copy of OpenSSL. The versions of OpenSSL included in cryptography 0.8-41.0.2 are vulnerable to several security issues. More details about the vulnerabilities themselves can be found in https://www.openssl.org/news/secadv/20230731.txt, https://www.openssl.org/news/secadv/20230719.txt, and https://www.openssl.org/news/secadv/20230714.txt.\n\nIf you are building cryptography source (\"sdist\") then you are responsible for upgrading your copy of OpenSSL. Only users installing from wheels built by the cryptography project (i.e., those distributed on PyPI) need to update their cryptography versions.",
      "fixed_version": "41.0.3",
      "cvss_score": null,
      "cvss_vector": null,
      "cwe_ids": [],
      "references": [
        "https://github.com/pyca/cryptography",
        "https://github.com/pyca/cryptography/commit/b22271cf3c3dd8dc8978f8f4b00b5c7060b6538d",
        "https://github.com/pyca/cryptography/commit/bfa4d95f0f356f2d535efd5c775e0fb3efe90ef2",
        "https://github.com/pyca/cryptography/security/advisories/GHSA-jm77-qphf-c4w8",
        "https://www.openssl.org/news/secadv/20230714.txt",
        "https://www.openssl.org/news/secadv/20230719.txt",
        "https://www.openssl.org/news/secadv/20230731.txt"
      ],
      "primary_url": "https://github.com/advisories/GHSA-jm77-qphf-c4w8"
    },
    {
      "id": "GHSA-v8gr-m533-ghj9",
      "package_name": "cryptography",
      "package_version": "3.4.7",
      "severity": "LOW",
      "title": "Vulnerable OpenSSL included in cryptography wheels",
      "description": "pyca/cryptography's wheels include a statically linked copy of OpenSSL. The versions of OpenSSL included in cryptography 2.5-41.0.3 are vulnerable to several security issues. More details about the vulnerabilities themselves can be found in https://www.openssl.org/news/secadv/20230908.txt.\n\nIf you are building cryptography source (\"sdist\") then you are responsible for upgrading your copy of OpenSSL. Only users installing from wheels built by the cryptography project (i.e., those distributed on PyPI) need to update their cryptography versions.",
      "fixed_version": "41.0.4",
      "cvss_score": null,
      "cvss_vector": null,
      "cwe_ids": [],
      "references": [
        "https://github.com/pyca/cryptography",
        "https://github.com/pyca/cryptography/commit/fc11bce6930e591ce26a2317b31b9ce2b3e25512",
        "https://github.com/pyca/cryptography/security/advisories/GHSA-v8gr-m533-ghj9"
      ],
      "primary_url": "https://github.com/advisories/GHSA-v8gr-m533-ghj9"
    },
    {
      "id": "CVE-2023-30861",
      "package_name": "flask",
      "package_version": "2.0.1",
      "severity": "HIGH",
      "title": "flask: Possible disclosure of permanent session cookie due to missing Vary: Cookie header",
      "description": "Flask is a lightweight WSGI web application framework. When all of the following conditions are met, a response containing data intended for one client may be cached and subsequently sent by the proxy to other clients. If the proxy also caches `Set-Cookie` headers, it may send one client's `session` cookie to other clients. The severity depends on the application's use of the session and the proxy's behavior regarding cookies. The risk depends on all these conditions being met.\n\n1. The application must be hosted behind a caching proxy that does not strip cookies or ignore responses with cookies.\n2. The application sets `session.permanent = True`\n3. The application does not access or modify the session at any point during a request.\n4. `SESSION_REFRESH_EACH_REQUEST` enabled (the default).\n5. The application does not set a `Cache-Control` header to indicate that a page is private or should not be cached.\n\nThis happens because vulnerable versions of Flask only set the `Vary: Cookie` header when the session is accessed or modified, not when it is refreshed (re-sent to update the expiration) without being accessed or modified. This issue has been fixed in versions 2.3.2 and 2.2.5.",
      "fixed_version": "2.3.2, 2.2.5",
      "cvss_score": 7.5,
      "cvss_vector": "CVSS:3.1/AV:N/AC:L/PR:N/UI:N/S:U/C:H/I:N/A:N",
      "cwe_ids": [
        "CWE-539"
      ],
      "references": [
        "https://access.redhat.com/security/cve/CVE-2023-30861",
        "https://github.com/pallets/flask",
        "https://github.com/pallets/flask/commit/70f906c51ce49c485f1d355703e9cc3386b1cc2b",
        "https://github.com/pallets/flask/commit/8646edca6f47e2cd57464081b3911218d4734f8d (2.2.5)",
        "https://github.com/pallets/flask/commit/8705dd39c4fa563ea0fe0bf84c85da8fcc98b88d (2.3.2)",
        "https://github.com/pallets/flask/commit/afd63b16170b7c047f5758eb910c416511e9c965",
        "https://github.com/pallets/flask/releases/tag/2.2.5",
        "https://github.com/pallets/flask/releases/tag/2.3.2",
        "https://github.com/pallets/flask/security/advisories/GHSA-m2qf-hxjv-5gpq",
        "https://github.com/pypa/advisory-database/tree/main/vulns/flask/PYSEC-2023-62.yaml",
        "https://linux.oracle.com/cve/CVE-2023-30861.html",
        "https://linux.oracle.com/errata/ELSA-2023-12710.html",
        "https://lists.debian.org/debian-lts-announce/2023/08/msg00024.html",
        "https://nvd.nist.gov/vuln/detail/CVE-2023-30861",
        "https://security.netapp.com/advisory/ntap-20230818-0006",
        "https://security.netapp.com/advisory/ntap-20230818-0006/",
        "https://ubuntu.com/security/notices/USN-6111-1",
        "https://www.cve.org/CVERecord?id=CVE-2023-30861",
        "https://www.debian.org/security/2023/dsa-5442"
      ],
      "primary_url": "https://avd.aquasec.com/nvd/cve-2023-30861"
    },
    {
      "id": "CVE-2022-29217",
      "package_name": "pyjwt",
      "package_version": "2.1.0",
      "severity": "HIGH",
      "title": "python-jwt: Key confusion through non-blocklisted public key formats",
      "description": "PyJWT is a Python implementation of RFC 7519. PyJWT supports multiple different JWT signing algorithms. With JWT, an attacker submitting the JWT token can choose the used signing algorithm. The PyJWT library requires that the application chooses what algorithms are supported. The application can specify `jwt.algorithms.get_default_algorithms()` to get support for all algorithms, or specify a single algorithm. The issue is not that big as `algorithms=jwt.algorithms.get_default_algorithms()` has to be used. Users should upgrade to v2.4.0 to receive a patch for this issue. As a workaround, always be explicit with the algorithms that are accepted and expected when decoding.",
      "fixed_version": "2.4.0",
      "cvss_score": 7.4,
      "cvss_vector": "CVSS:3.1/AV:N/AC:H/PR:N/UI:N/S:U/C:H/I:H/A:N",
      "cwe_ids": [
        "CWE-327"
      ],
      "references": [
        "https://access.redhat.com/security/cve/CVE-2022-29217",
        "https://github.com/jpadilla/pyjwt",
        "https://github.com/jpadilla/pyjwt/commit/9c528670c455b8d948aff95ed50e22940d1ad3fc",
        "https://github.com/jpadilla/pyjwt/commit/9c528670c455b8d948aff95ed50e22940d1ad3fc (2.4.0)",
        "https://github.com/jpadilla/pyjwt/releases/tag/2.4.0",
        "https://github.com/jpadilla/pyjwt/security/advisories/GHSA-ffqj-6fqr-9h24",
        "https://github.com/pypa/advisory-database/tree/main/vulns/pyjwt/PYSEC-2022-202.yaml",
        "https://lists.fedoraproject.org/archives/list/package-announce%40lists.fedoraproject.org/message/5PK7IQCBVNLYJEFTPHBBPFP72H4WUFNX/",
        "https://lists.fedoraproject.org/archives/list/package-announce%40lists.fedoraproject.org/message/6HIYEYZRQEP6QTHT3EHH3RGFYJIHIMAO/",
        "https://lists.fedoraproject.org/archives/list/package-announce@lists.fedoraproject.org/message/5PK7IQCBVNLYJEFTPHBBPFP72H4WUFNX",
        "https://lists.fedoraproject.org/archives/list/package-announce@lists.fedoraproject.org/message/6HIYEYZRQEP6QTHT3EHH3RGFYJIHIMAO",
        "https://nvd.nist.gov/vuln/detail/CVE-2022-29217",
        "https://ubuntu.com/security/notices/USN-5526-1",
        "https://ubuntu.com/security/notices/USN-5526-2",
        "https://www.cve.org/CVERecord?id=CVE-2022-29217",
        "https://www.vicarius.io/vsociety/posts/risky-algorithms-algorithm-confusion-in-pyjwt-cve-2022-29217"
      ],
      "primary_url": "https://avd.aquasec.com/nvd/cve-2022-29217"
    },
    {
      "id": "CVE-2023-25577",
      "package_name": "werkzeug",
      "package_version": "2.0.1",
      "severity": "HIGH",
      "title": "python-werkzeug: high resource usage when parsing multipart form data with many fields",
      "description": "Werkzeug is a comprehensive WSGI web application library. Prior to version 2.2.3, Werkzeug's multipart form data parser will parse an unlimited number of parts, including file parts. Parts can be a small amount of bytes, but each requires CPU time to parse and may use more memory as Python data. If a request can be made to an endpoint that accesses `request.data`, `request.form`, `request.files`, or `request.get_data(parse_form_data=False)`, it can cause unexpectedly high resource usage. This allows an attacker to cause a denial of service by sending crafted multipart data to an endpoint that will parse it. The amount of CPU time required can block worker processes from handling legitimate requests. The amount of RAM required can trigger an out of memory kill of the process. Unlimited file parts can use up memory and file handles. If many concurrent requests are sent continuously, this can exhaust or kill all available workers. Version 2.2.3 contains a patch for this issue.",
      "fixed_version": "2.2.3",
      "cvss_score": 7.5,
      "cvss_vector": "CVSS:3.1/AV:N/AC:L/PR:N/UI:N/S:U/C:N/I:N/A:H",
      "cwe_ids": [
        "CWE-770"
      ],
      "references": [
        "https://access.redhat.com/security/cve/CVE-2023-25577",
        "https://github.com/pallets/werkzeug",
        "https://github.com/pallets/werkzeug/commit/517cac5a804e8c4dc4ed038bb20dacd038e7a9f1",
        "https://github.com/pallets/werkzeug/releases/tag/2.2.3",
        "https://github.com/pallets/werkzeug/security/advisories/GHSA-xg9f-g7g7-2323",
        "https://github.com/pypa/advisory-database/tree/main/vulns/werkzeug/PYSEC-2023-58.yaml",
        "https://linux.oracle.com/cve/CVE-2023-25577.html",
        "https://linux.oracle.com/errata/ELSA-2023-12709.html",
        "https://nvd.nist.gov/vuln/detail/CVE-2023-25577",
        "https://security.netapp.com/advisory/ntap-20230818-0003",
        "https://security.netapp.com/advisory/ntap-20230818-0003/",
        "https://ubuntu.com/security/notices/USN-5948-1",
        "https://ubuntu.com/security/notices/USN-5948-2",
        "https://www.cve.org/CVERecord?id=CVE-2023-25577",
        "https://www.debian.org/security/2023/dsa-5470"
      ],
      "primary_url": "https://avd.aquasec.com/nvd/cve-2023-25577"
    },
    {
      "id": "CVE-2024-34069",
      "package_name": "werkzeug",
      "package_version": "2.0.1",
      "severity": "HIGH",
      "title": "python-werkzeug: user may execute code on a developer's machine",
      "description": "Werkzeug is a comprehensive WSGI web application library. The debugger in affected versions of Werkzeug can allow an attacker to execute code on a developer's machine under some circumstances. This requires the attacker to get the developer to interact with a domain and subdomain they control, and enter the debugger PIN, but if they are successful it allows access to the debugger even if it is only running on localhost. This also requires the attacker to guess a URL in the developer's application that will trigger the debugger. This vulnerability is fixed in 3.0.3.",
      "fixed_version": "3.0.3",
      "cvss_score": 7.5,
      "cvss_vector": "CVSS:3.1/AV:N/AC:H/PR:N/UI:R/S:U/C:H/I:H/A:H",
      "cwe_ids": [
        "CWE-352"
      ],
      "references": [
        "https://access.redhat.com/security/cve/CVE-2024-34069",
        "https://github.com/pallets/werkzeug",
        "https://github.com/pallets/werkzeug/commit/3386395b24c7371db11a5b8eaac0c91da5362692",
        "https://github.com/pallets/werkzeug/security/advisories/GHSA-2g68-c3qc-8985",
        "https://lists.debian.org/debian-lts-announce/2025/02/msg00026.html",
        "https://lists.fedoraproject.org/archives/list/package-announce@lists.fedoraproject.org/message/H4SH32AM3CTPMAAEOIDAN7VU565LO4IR",
        "https://lists.fedoraproject.org/archives/list/package-announce@lists.fedoraproject.org/message/H4SH32AM3CTPMAAEOIDAN7VU565LO4IR/",
        "https://lists.fedoraproject.org/archives/list/package-announce@lists.fedoraproject.org/message/HFERFN7PINV4MOGMGA3DPIXJPDCYOEJZ",
        "https://lists.fedoraproject.org/archives/list/package-announce@lists.fedoraproject.org/message/HFERFN7PINV4MOGMGA3DPIXJPDCYOEJZ/",
        "https://nvd.nist.gov/vuln/detail/CVE-2024-34069",
        "https://security.netapp.com/advisory/ntap-20240614-0004",
        "https://security.netapp.com/advisory/ntap-20240614-0004/",
        "https://ubuntu.com/security/notices/USN-6799-1",
        "https://www.cve.org/CVERecord?id=CVE-2024-34069"
      ],
      "primary_url": "https://avd.aquasec.com/nvd/cve-2024-34069"
    },
    {
      "id": "CVE-2023-46136",
      "package_name": "werkzeug",
      "package_version": "2.0.1",
      "severity": "MEDIUM",
      "title": "python-werkzeug: high resource consumption leading to denial of service",
      "description": "Werkzeug is a comprehensive WSGI web application library. If an upload of a file that starts with CR or LF and then is followed by megabytes of data without these characters: all of these bytes are appended chunk by chunk into internal bytearray and lookup for boundary is performed on growing buffer. This allows an attacker to cause a denial of service by sending crafted multipart data to an endpoint that will parse it. The amount of CPU time required can block worker processes from handling legitimate requests. This vulnerability has been patched in version 3.0.1.",
      "fixed_version": "3.0.1, 2.3.8",
      "cvss_score": 5.7,
      "cvss_vector": "CVSS:3.1/AV:A/AC:L/PR:L/UI:N/S:U/C:N/I:N/A:H",
      "cwe_ids": [
        "CWE-400",
        "CWE-407",
        "CWE-787"
      ],
      "references": [
        "https://access.redhat.com/security/cve/CVE-2023-46136",
        "https://github.com/pallets/werkzeug",
        "https://github.com/pallets/werkzeug/commit/b1916c0c083e0be1c9d887ee2f3d696922bfc5c1",
        "https://github.com/pallets/werkzeug/commit/f2300208d5e2a5076cbbb4c2aad71096fd040ef9",
        "https://github.com/pallets/werkzeug/commit/f3c803b3ade485a45f12b6d6617595350c0f03e2",
        "https://github.com/pallets/werkzeug/security/advisories/GHSA-hrfv-mqp8-q5rw",
        "https://github.com/pypa/advisory-database/tree/main/vulns/werkzeug/PYSEC-2023-221.yaml",
        "https://nvd.nist.gov/vuln/detail/CVE-2023-46136",
        "https://security.netapp.com/advisory/ntap-20231124-0008",
        "https://security.netapp.com/advisory/ntap-20231124-0008/",
        "https://www.cve.org/CVERecord?id=CVE-2023-46136"
      ],
      "primary_url": "https://avd.aquasec.com/nvd/cve-2023-46136"
    },
    {
      "id": "CVE-2024-49766",
      "package_name": "werkzeug",
      "package_version": "2.0.1",
      "severity": "MEDIUM",
      "title": "werkzeug: python-werkzeug: Werkzeug safe_join not safe on Windows",
      "description": "Werkzeug is a Web Server Gateway Interface web application library. On Python < 3.11 on Windows, os.path.isabs() does not catch UNC paths like //server/share. Werkzeug's safe_join() relies on this check, and so can produce a path that is not safe, potentially allowing unintended access to data. Applications using Python >= 3.11, or not using Windows, are not vulnerable. Werkzeug version 3.0.6 contains a patch.",
      "fixed_version": "3.0.6",
      "cvss_score": 3.7,
      "cvss_vector": "CVSS:3.1/AV:N/AC:H/PR:N/UI:N/S:U/C:L/I:N/A:N",
      "cwe_ids": [
        "CWE-22"
      ],
      "references": [
        "https://access.redhat.com/security/cve/CVE-2024-49766",
        "https://github.com/pallets/werkzeug",
        "https://github.com/pallets/werkzeug/commit/2767bcb10a7dd1c297d812cc5e6d11a474c1f092",
        "https://github.com/pallets/werkzeug/releases/tag/3.0.6",
        "https://github.com/pallets/werkzeug/security/advisories/GHSA-f9vj-2wh5-fj8j",
        "https://nvd.nist.gov/vuln/detail/CVE-2024-49766",
        "https://security.netapp.com/advisory/ntap-20250131-0005",
        "https://security.netapp.com/advisory/ntap-20250131-0005/",
        "https://www.cve.org/CVERecord?id=CVE-2024-49766"
      ],
      "primary_url": "https://avd.aquasec.com/nvd/cve-2024-49766"
    },
    {
      "id": "CVE-2024-49767",
      "package_name": "werkzeug",
      "package_version": "2.0.1",
      "severity": "MEDIUM",
      "title": "werkzeug: python-werkzeug: Werkzeug possible resource exhaustion when parsing file data in forms",
      "description": "Werkzeug is a Web Server Gateway Interface web application library. Applications using `werkzeug.formparser.MultiPartParser` corresponding to a version of Werkzeug prior to 3.0.6 to parse `multipart/form-data` requests (e.g. all flask applications) are vulnerable to a relatively simple but effective resource exhaustion (denial of service) attack. A specifically crafted form submission request can cause the parser to allocate and block 3 to 8 times the upload size in main memory. There is no upper limit; a single upload at 1 Gbit/s can exhaust 32 GB of RAM in less than 60 seconds. Werkzeug version 3.0.6 fixes this issue.",
      "fixed_version": "3.0.6",
      "cvss_score": 7.5,
      "cvss_vector": "CVSS:3.1/AV:N/AC:L/PR:N/UI:N/S:U/C:N/I:N/A:H",
      "cwe_ids": [
        "CWE-400",
        "CWE-770"
      ],
      "references": [
        "https://access.redhat.com/security/cve/CVE-2024-49767",
        "https://github.com/pallets/quart/commit/5e78c4169b8eb66b91ead3e62d44721b9e1644ee",
        "https://github.com/pallets/quart/commit/abb04a512496206de279225340ed022852fbf51f",
        "https://github.com/pallets/werkzeug",
        "https://github.com/pallets/werkzeug/commit/50cfeebcb0727e18cc52ffbeb125f4a66551179b",
        "https://github.com/pallets/werkzeug/releases/tag/3.0.6",
        "https://github.com/pallets/werkzeug/security/advisories/GHSA-q34m-jh98-gwm2",
        "https://nvd.nist.gov/vuln/detail/CVE-2024-49767",
        "https://security.netapp.com/advisory/ntap-20250103-0007",
        "https://security.netapp.com/advisory/ntap-20250103-0007/",
        "https://ubuntu.com/security/notices/USN-7093-1",
        "https://www.cve.org/CVERecord?id=CVE-2024-49767"
      ],
      "primary_url": "https://avd.aquasec.com/nvd/cve-2024-49767"
    },
    {
      "id": "CVE-2023-23934",
      "package_name": "werkzeug",
      "package_version": "2.0.1",
      "severity": "LOW",
      "title": "python-werkzeug: cookie prefixed with = can shadow unprefixed cookie",
      "description": "Werkzeug is a comprehensive WSGI web application library. Browsers may allow \"nameless\" cookies that look like `=value` instead of `key=value`. A vulnerable browser may allow a compromised application on an adjacent subdomain to exploit this to set a cookie like `=__Host-test=bad` for another subdomain. Werkzeug prior to 2.2.3 will parse the cookie `=__Host-test=bad` as __Host-test=bad`. If a Werkzeug application is running next to a vulnerable or malicious subdomain which sets such a cookie using a vulnerable browser, the Werkzeug application will see the bad cookie value but the valid cookie key. The issue is fixed in Werkzeug 2.2.3.",
      "fixed_version": "2.2.3",
      "cvss_score": 2.6,
      "cvss_vector": "CVSS:3.1/AV:A/AC:H/PR:N/UI:R/S:U/C:N/I:L/A:N",
      "cwe_ids": [
        "CWE-20"
      ],
      "references": [
        "https://access.redhat.com/security/cve/CVE-2023-23934",
        "https://github.com/pallets/werkzeug",
        "https://github.com/pallets/werkzeug/commit/cf275f42acad1b5950c50ffe8ef58fe62cdce028",
        "https://github.com/pallets/werkzeug/releases/tag/2.2.3",
        "https://github.com/pallets/werkzeug/security/advisories/GHSA-px8h-6qxv-m22q",
        "https://github.com/pypa/advisory-database/tree/main/vulns/werkzeug/PYSEC-2023-57.yaml",
        "https://linux.oracle.com/cve/CVE-2023-23934.html",
        "https://linux.oracle.com/errata/ELSA-2023-12709.html",
        "https://nvd.nist.gov/vuln/detail/CVE-2023-23934",
        "https://security.netapp.com/advisory/ntap-20230818-0003",
        "https://security.netapp.com/advisory/ntap-20230818-0003/",
        "https://ubuntu.com/security/notices/USN-5948-1",
        "https://ubuntu.com/security/notices/USN-5948-2",
        "https://www.cve.org/CVERecord?id=CVE-2023-23934",
        "https://www.debian.org/security/2023/dsa-5470"
      ],
      "primary_url": "https://avd.aquasec.com/nvd/cve-2023-23934"
    }
  ]
}