{
  "scan_timestamp": "2025-09-10T13:24:50.453024",
  "scan_duration": 15.292110919952393,
  "tools": {
    "sbom_generator": "Syft",
    "vulnerability_scanner": "Trivy"
  },
  "summary": {
    "total_components": 15,
    "vulnerable_components": 0,
    "total_vulnerabilities": 0,
    "severity_breakdown": {
      "CRITICAL": 0,
      "HIGH": 0,
      "MEDIUM": 0,
      "LOW": 0,
      "UNKNOWN": 0
    }
  },
  "components": [
    {
      "name": "actions/checkout",
      "version": "v2",
      "type": "library",
      "language": "github",
      "purl": "pkg:github/actions/checkout@v2",
      "cpe": "cpe:2.3:a:actions\\/checkout:actions\\/checkout:v2:*:*:*:*:*:*:*",
      "locations": []
    },
    {
      "name": "actions/checkout",
      "version": "v2",
      "type": "library",
      "language": "github",
      "purl": "pkg:github/actions/checkout@v2",
      "cpe": "cpe:2.3:a:actions\\/checkout:actions\\/checkout:v2:*:*:*:*:*:*:*",
      "locations": []
    },
    {
      "name": "actions/checkout",
      "version": "v2",
      "type": "library",
      "language": "github",
      "purl": "pkg:github/actions/checkout@v2",
      "cpe": "cpe:2.3:a:actions\\/checkout:actions\\/checkout:v2:*:*:*:*:*:*:*",
      "locations": []
    },
    {
      "name": "actions/checkout",
      "version": "v2",
      "type": "library",
      "language": "github",
      "purl": "pkg:github/actions/checkout@v2",
      "cpe": "cpe:2.3:a:actions\\/checkout:actions\\/checkout:v2:*:*:*:*:*:*:*",
      "locations": []
    },
    {
      "name": "actions/setup-java",
      "version": "v1",
      "type": "library",
      "language": "github",
      "purl": "pkg:github/actions/setup-java@v1",
      "cpe": "cpe:2.3:a:actions\\/setup:actions\\/setup_java:v1:*:*:*:*:*:*:*",
      "locations": []
    },
    {
      "name": "actions/setup-java",
      "version": "v1",
      "type": "library",
      "language": "github",
      "purl": "pkg:github/actions/setup-java@v1",
      "cpe": "cpe:2.3:a:actions\\/setup:actions\\/setup_java:v1:*:*:*:*:*:*:*",
      "locations": []
    },
    {
      "name": "codecov/codecov-action",
      "version": "v3",
      "type": "library",
      "language": "github",
      "purl": "pkg:github/codecov/codecov-action@v3",
      "cpe": "cpe:2.3:a:codecov\\/codecov:codecov\\/codecov_action:v3:*:*:*:*:*:*:*",
      "locations": []
    },
    {
      "name": "docker/login-action",
      "version": "v1",
      "type": "library",
      "language": "github",
      "purl": "pkg:github/docker/login-action@v1",
      "cpe": "cpe:2.3:a:docker\\/login:docker\\/login_action:v1:*:*:*:*:*:*:*",
      "locations": []
    },
    {
      "name": "docker/login-action",
      "version": "v1",
      "type": "library",
      "language": "github",
      "purl": "pkg:github/docker/login-action@v1",
      "cpe": "cpe:2.3:a:docker\\/login:docker\\/login_action:v1:*:*:*:*:*:*:*",
      "locations": []
    },
    {
      "name": "gittools/actions/gitversion/execute",
      "version": "v0.9.7",
      "type": "library",
      "language": "github",
      "purl": "pkg:github/gittools/actions@v0.9.7#gitversion/execute",
      "cpe": "cpe:2.3:a:gittools\\/actions\\/gitversion\\/execute:gittools\\/actions\\/gitversion\\/execute:v0.9.7:*:*:*:*:*:*:*",
      "locations": []
    },
    {
      "name": "gittools/actions/gitversion/setup",
      "version": "v0.9.7",
      "type": "library",
      "language": "github",
      "purl": "pkg:github/gittools/actions@v0.9.7#gitversion/setup",
      "cpe": "cpe:2.3:a:gittools\\/actions\\/gitversion\\/setup:gittools\\/actions\\/gitversion\\/setup:v0.9.7:*:*:*:*:*:*:*",
      "locations": []
    },
    {
      "name": "gradle-wrapper",
      "version": "UNKNOWN",
      "type": "library",
      "language": "maven",
      "purl": "pkg:maven/gradle-wrapper/gradle-wrapper",
      "cpe": "cpe:2.3:a:gradle:gradle_wrapper:*:*:*:*:*:*:*:*",
      "locations": []
    },
    {
      "name": "softprops/action-gh-release",
      "version": "v1",
      "type": "library",
      "language": "github",
      "purl": "pkg:github/softprops/action-gh-release@v1",
      "cpe": "cpe:2.3:a:softprops\\/action:softprops\\/action_gh_release:v1:*:*:*:*:*:*:*",
      "locations": []
    },
    {
      "name": "tvdias/github-tagger",
      "version": "v0.0.1",
      "type": "library",
      "language": "github",
      "purl": "pkg:github/tvdias/github-tagger@v0.0.1",
      "cpe": "cpe:2.3:a:tvdias\\/github:tvdias\\/github_tagger:v0.0.1:*:*:*:*:*:*:*",
      "locations": []
    },
    {
      "name": "/var/folders/gr/zlq03smx65v7csnf5n276nx00000gn/T/vulnreach_clone_iajpmhm_",
      "version": "",
      "type": "library",
      "language": null,
      "purl": null,
      "cpe": null,
      "locations": []
    }
  ],
  "vulnerabilities": []
}