[
  {
    "package_name": "com.unboundid:unboundid-ldapsdk",
    "installed_version": null,
    "recommended_fixed_version": "4.0.5",
    "all_seen_fixed_versions": [
      "4.0.5"
    ],
    "upgrade_needed": false
  },
  {
    "package_name": "body-parser",
    "installed_version": "1.20.2",
    "recommended_fixed_version": "1.20.3",
    "all_seen_fixed_versions": [
      "1.20.3"
    ],
    "upgrade_needed": true
  },
  {
    "package_name": "cookie",
    "installed_version": "0.5.0",
    "recommended_fixed_version": "0.7.0",
    "all_seen_fixed_versions": [
      "0.7.0"
    ],
    "upgrade_needed": true
  },
  {
    "package_name": "dot-prop",
    "installed_version": "4.2.0",
    "recommended_fixed_version": "4.2.1, 5.1.1",
    "all_seen_fixed_versions": [
      "4.2.1, 5.1.1"
    ],
    "upgrade_needed": true
  },
  {
    "package_name": "ejs",
    "installed_version": "2.6.1",
    "recommended_fixed_version": "3.1.10",
    "all_seen_fixed_versions": [
      "3.1.7",
      "3.1.10"
    ],
    "upgrade_needed": true
  },
  {
    "package_name": "express",
    "installed_version": "4.18.2",
    "recommended_fixed_version": "4.20.0, 5.0.0",
    "all_seen_fixed_versions": [
      "4.19.2, 5.0.0-beta.3",
      "4.20.0, 5.0.0"
    ],
    "upgrade_needed": true
  },
  {
    "package_name": "handlebars",
    "installed_version": "4.0.14",
    "recommended_fixed_version": "4.7.7",
    "all_seen_fixed_versions": [
      ">=4.6.0",
      "3.0.8, 4.5.2",
      "3.0.8, 4.5.3",
      "4.3.0, 3.0.8",
      "4.4.5",
      "4.7.7"
    ],
    "upgrade_needed": true
  },
  {
    "package_name": "ip",
    "installed_version": "1.1.8",
    "recommended_fixed_version": "2.0.1, 1.1.9",
    "all_seen_fixed_versions": [
      "2.0.1, 1.1.9"
    ],
    "upgrade_needed": true
  },
  {
    "package_name": "lodash",
    "installed_version": "4.17.21",
    "recommended_fixed_version": "4.17.21",
    "all_seen_fixed_versions": [
      "4.17.12",
      "4.17.19",
      "4.17.21"
    ],
    "upgrade_needed": false
  },
  {
    "package_name": "marked",
    "installed_version": "0.3.5",
    "recommended_fixed_version": "4.0.10",
    "all_seen_fixed_versions": [
      "0.3.6",
      ">=0.3.6",
      "0.3.7",
      "0.3.9",
      "0.3.17",
      "4.0.10"
    ],
    "upgrade_needed": true
  },
  {
    "package_name": "minimist",
    "installed_version": "0.0.10",
    "recommended_fixed_version": "1.2.6, 0.2.4",
    "all_seen_fixed_versions": [
      "0.2.1, 1.2.3",
      "1.2.6, 0.2.4"
    ],
    "upgrade_needed": true
  },
  {
    "package_name": "path-to-regexp",
    "installed_version": "0.1.7",
    "recommended_fixed_version": "1.9.0, 0.1.10, 8.0.0, 3.3.0, 6.3.0",
    "all_seen_fixed_versions": [
      "0.1.12",
      "1.9.0, 0.1.10, 8.0.0, 3.3.0, 6.3.0"
    ],
    "upgrade_needed": true
  },
  {
    "package_name": "pug",
    "installed_version": "2.0.4",
    "recommended_fixed_version": "3.0.3",
    "all_seen_fixed_versions": [
      "3.0.1",
      "3.0.3"
    ],
    "upgrade_needed": true
  },
  {
    "package_name": "pug-code-gen",
    "installed_version": "2.0.3",
    "recommended_fixed_version": "3.0.3",
    "all_seen_fixed_versions": [
      "3.0.3"
    ],
    "upgrade_needed": true
  },
  {
    "package_name": "send",
    "installed_version": "0.18.0",
    "recommended_fixed_version": "0.19.0",
    "all_seen_fixed_versions": [
      "0.19.0"
    ],
    "upgrade_needed": true
  },
  {
    "package_name": "serialize-javascript",
    "installed_version": "2.1.1",
    "recommended_fixed_version": "3.1.0",
    "all_seen_fixed_versions": [
      "3.1.0"
    ],
    "upgrade_needed": true
  },
  {
    "package_name": "serve-static",
    "installed_version": "1.15.0",
    "recommended_fixed_version": "1.16.0, 2.1.0",
    "all_seen_fixed_versions": [
      "1.16.0, 2.1.0"
    ],
    "upgrade_needed": true
  },
  {
    "package_name": "trim-newlines",
    "installed_version": "4.0.0",
    "recommended_fixed_version": "3.0.1, 4.0.1",
    "all_seen_fixed_versions": [
      "3.0.1, 4.0.1"
    ],
    "upgrade_needed": false
  },
  {
    "package_name": "ws",
    "installed_version": "6.2.1",
    "recommended_fixed_version": "7.4.6, 6.2.2, 5.2.3",
    "all_seen_fixed_versions": [
      "5.2.4, 6.2.3, 7.5.10, 8.17.1",
      "7.4.6, 6.2.2, 5.2.3"
    ],
    "upgrade_needed": true
  }
]